INSERT INTO Autorzy (ID, Imie, Nazwisko) 
	VALUES(1, 'Stephen', 'King')
INSERT INTO Autorzy (ID, Imie, Nazwisko) 
	VALUES(2, 'Andrzej', 'Sapkowski')
INSERT INTO Autorzy (ID, Imie, Nazwisko) 
	VALUES(3, 'Jaroslaw', 'Grzedowicz')
INSERT INTO Autorzy (ID, Imie, Nazwisko) 
	VALUES(4, 'Agatha', 'Christie')
INSERT INTO Autorzy (ID, Imie, Nazwisko) 
	VALUES(5, 'Tom', 'Hanks')
INSERT INTO Autorzy (ID, Imie, Nazwisko)
	VALUES(6, 'Marek', 'Kubale') /* BRAK KSIAZKI*/
INSERT INTO Autorzy (ID, Imie, Nazwisko)
	VALUES(7, 'Marcin', 'Wierzchowski')
INSERT INTO Autorzy (ID, Imie, Nazwisko)
	VALUES(8, 'Maria', 'Mazurek')
INSERT INTO Autorzy (ID, Imie, Nazwisko)
	VALUES(9, 'Jerzy', 'Vetulani')
INSERT INTO Autorzy (ID, Imie, Nazwisko)
	VALUES(10, 'Jean-Jacques', 'Sempe')
INSERT INTO Autorzy (ID, Imie, Nazwisko)
	VALUES(11, 'Rene', 'Goscinny')

INSERT INTO Ksiazki (ISBN, Tytul, Cena, Wydawca, Opis)
	VALUES('9788378858515', 'To', 30.99, 'Albatros', 'Derry to ma³e miasto w stanie Main - nawiedzone miasto - w którym pewnego razu grupa dzieci spotka³a TO. Wiêkszoœæ z nich mia³a szczêœcie, usz³a z ¿yciem i wyjecha³a z Derry. Po dwudziestu latach TO znowu daje o sobie znaæ, a ci, którzy prze¿yli, zostaj¹ wezwani do powrotu w rodzinne strony.')
INSERT INTO Ksiazki (ISBN, Tytul, Cena, Wydawca, Opis)
	VALUES('9788378859987', 'Zielona Mila', 29.99, 'Albatros', 'Akcja powieœci, zbli¿onej klimatem do g³oœnej noweli tego samego autora, toczy siê w Ameryce lat 30. Jej bohaterowie to wiêŸniowie oczekuj¹cy na wykonanie kary œmierci i pilnuj¹cy ich stra¿nicy. Ksi¹¿kê zekranizowa³ w 1999 roku Frank Darabont; g³ówn¹ rolê zagra³ Tom Hanks.')
INSERT INTO Ksiazki (ISBN, Tytul, Cena, Wydawca, Opis)
	VALUES('9788375780697', 'Pani Jeziora', 19.99, 'superNOWA', 'Andrzej Sapkowski, arcymistrz œwiatowej fantasy, zaprasza do swojego Neverlandu i przedstawia uwielbian¹ przez czytelników i wychwalan¹ przez krytykê wiedŸmiñsk¹ sagê! Ciri wpatruje siê w wypuk³y relief przedstawiaj¹cy ogromnego ³uskowatego wê¿a. Gad, zwin¹wszy siê w kszta³t ósemki, wgryz³ siê zêbiskami we w³asny ogon.')
INSERT INTO Ksiazki (ISBN, Tytul, Cena, Wydawca, Opis)
	VALUES ('9788375746068', 'Pan Lodowego Ogordu - tom I', 24.99, 'Fabryka Slow', 'Pan z Wami! Jako i ogród jego! Wst¹piwszy, porzuæcie nadziejê. Oœlepn¹ monitory, og³uchn¹ komunikatory, zamilknie broñ. Tu w³ada magia. Vuko Drakkainen samotnie rusza na ratunek ekspedycji naukowej badaj¹cej cz³ekopodobn¹ cywilizacjê planety Midgaard.')
INSERT INTO Ksiazki (ISBN, Tytul, Cena, Wydawca, Opis)
	VALUES('9788327157782', 'Morderstwo w Orient Expressie', 32.99, 'Wydawnictwo Dolnoslaskie', 'Kultowa powieœæ Agaty Christie. Genialnie zawi¹zana fabu³a, trzymaj¹ca w napiêciu akcja i nieoczekiwane zakoñczenie sprawi³y, ¿e ta ksi¹¿ka sta³a siê jednym z najwa¿niejszych krymina³ów w historii. Herkules Poirot po rozwi¹zaniu sprawy kryminalnej w Azji wraca do Europy.')
INSERT INTO Ksiazki (ISBN, Tytul, Cena, Wydawca, Opis)
	VALUES('9788380321960', 'Kolekcja nietypowych zdarzen', 35.99, 'Wielka Litera', 'POKOCHALIŒCIE GO JAKO FORRESTA GUMPA, TERAZ POKOCHACIE GO JAKO PISARZA. Tom Hanks gotów na literackiego Oscara. W debiutanckim zbiorze siedemnastu opowieœci Tom Hanks dowodzi, ¿e œwiat nie ma ¿adnych granic.')
INSERT INTO Ksiazki (ISBN, Tytul, Cena, Wydawca, Opis)
	VALUES ('9788327712981', 'Sen Alicji, czyli jak dzia³a mózg', 33.50, 'MANDO', 'To siê w g³owie mieœci! Gdy Alicja œpi, budz¹ siê neurony. Prawdê mówi¹c, one nigdy nie œpi¹, co najwy¿ej potrzebuj¹ nieco odpocz¹æ. Tym razem mózg Alicji postanowi³ wyprodukowaæ nietypowy sen, podczas którego opowie, w jaki sposób dowodzi ca³ym organizmem.')
INSERT INTO Ksiazki (ISBN, Tytul, Cena, Wydawca, Opis)
	VALUES ('9788310126993', 'Miko³ajek', 10.00, 'Nasza Ksiêgarnia', 'Miko³ajek, Joachim, Euzebiusz, Maksencjusz, Alcest, Ananiasz… To imiona najpopularniejszych ³obuziaków w historii literatury dzieciêcej. Ich przygody bawi¹ polskich czytelników ju¿ od pó³ wieku! Przez lata ksi¹¿ki ukazywa³y siê w niezmienionej szacie graficznej – ten charakterystyczny kwadratowy format rozpoznawa³ ka¿dy fan serii. ')
INSERT INTO Ksiazki (ISBN, Tytul, Cena, Wydawca, Opis)
	VALUES ('9788310127006', 'Miko³ajek i inne ch³opaki', 19.99, 'Nasza Ksiêgarnia', 'Miko³ajek, Joachim, Euzebiusz, Maksencjusz, Alcest, Ananiasz… To imiona najpopularniejszych ³obuziaków w historii literatury dzieciêcej. Ich przygody bawi¹ polskich czytelników ju¿ od pó³ wieku! Przez lata ksi¹¿ki ukazywa³y siê w niezmienionej szacie graficznej – ten charakterystyczny kwadratowy format rozpoznawa³ ka¿dy fan serii. ')
INSERT INTO Ksiazki (ISBN, Tytul, Cena, Wydawca, Opis)
	VALUES ('9788310128928', 'Pierwsze przygody Miko³ajka', 61.99, 'Nasza Ksiêgarnia', 'Miko³ajek, Joachim, Euzebiusz, Maksencjusz, Alcest, Ananiasz... To imiona najpopularniejszych ³obuziaków w historii literatury dzieciêcej. Ich przygody bawi¹ polskich czytelników ju¿ od ponad 50 lat! I ci¹gle zdobywaj¹ nowych fanów w ró¿nym wieku, zachwycaj¹c kolejne pokolenia.')

/*Autor kilku powiesci*/	
INSERT INTO Napisal (IDAutora, ISBNKsiazki)
	VALUES(1, '9788378858515')
INSERT INTO Napisal (IDAutora, ISBNKsiazki)
	VALUES(1, '9788378859987')

INSERT INTO Napisal (IDAutora, ISBNKsiazki)
	VALUES(2, '9788375780697')
INSERT INTO Napisal (IDAutora, ISBNKsiazki)
	VALUES(3, '9788375780697')
INSERT INTO Napisal (IDAutora, ISBNKsiazki)
	VALUES(4, '9788327157782')
INSERT INTO Napisal (IDAutora, ISBNKsiazki)
	VALUES(5, '9788380321960')
/*WIELU AUTOROW*/
INSERT INTO Napisal (IDAutora, ISBNKsiazki)
	VALUES(7, '9788327712981')
INSERT INTO Napisal (IDAutora, ISBNKsiazki)
	VALUES(8, '9788327712981')
INSERT INTO Napisal (IDAutora, ISBNKsiazki)
	VALUES(9, '9788327712981')

INSERT INTO Napisal (IDAutora, ISBNKsiazki)
	VALUES(10, '9788310126993')
INSERT INTO Napisal (IDAutora, ISBNKsiazki)
	VALUES(11, '9788310126993')

INSERT INTO Napisal (IDAutora, ISBNKsiazki)
	VALUES(10, '9788310127006')
INSERT INTO Napisal (IDAutora, ISBNKsiazki)
	VALUES(11, '9788310127006')

INSERT INTO Napisal (IDAutora, ISBNKsiazki)
	VALUES(10, '9788310128928')
INSERT INTO Napisal (IDAutora, ISBNKsiazki)
	VALUES(11, '9788310128928')
	
	
INSERT INTO Promocje (ID, Nazwa, DataRozpoczecia, DataZakonczenia, Obnizka)
	VALUES(1, 'Swiateczna Wyprzedaz', '2017-12-06', '2018-12-23', 50)
INSERT INTO Promocje (ID, Nazwa, DataRozpoczecia, DataZakonczenia, Obnizka)
	VALUES(2, 'Promocja na Kinga', '2017-12-03', '2018-12-10', 90)

INSERT INTO Przecenione (IDPromocji, ISBNKsiazki)
	VALUES(2, '9788378858515')
INSERT INTO Przecenione (IDPromocji, ISBNKsiazki)
	VALUES(2, '9788378859987')
INSERT INTO Przecenione (IDPromocji, ISBNKsiazki)
	VALUES(1, '9788380321960')

INSERT INTO Uzytkownicy (ID, Email, PassHash)
	VALUES(1, 's165596@student.pg.edu.pl', '5E884898DA28047151D0E56F8DC6292773603D0D6AABBDD62A11EF721D1542D8')
INSERT INTO Uzytkownicy (ID, Email, PassHash)
	VALUES(2, 'admin@wp.pl', '8D969EEF6ECAD3C29A3A629280E686CF0C3F5D5A86AFF3CA12020C923ADC6C92')
INSERT INTO Uzytkownicy (ID, Email, PassHash)
	VALUES(3, 'statystyczny_klient@gmail.com', '65E84BE33532FB784C48129675F9EFF3A682B27168C0EA744B2CF58EE02337C5')
INSERT INTO Uzytkownicy (ID, Email, PassHash)
	VALUES(4, 'niemamadresudostawy@laboratoria.com', '1534f8b2cc021c523322e40eab4bbd3fb70ff5c39545a1855f00be7c2815c1ef')
INSERT INTO Uzytkownicy (ID, Email, PassHash)
	VALUES(5, 'wygralemiphonea@darmowy.iphone.xxx', '7137f5b849df1698e4fcc7f262928684ad063ed687a324d58f595df4a39ba38f')
INSERT INTO Uzytkownicy (ID, Email, PassHash)
	VALUES(6, 'rozdaje.ipady@spambot.ru', 'c5d1a9f906c4878c7de942eb74a6dffc969d38454ab38105bb83dafbdfa6aaf0')
INSERT INTO Uzytkownicy (ID, Email, PassHash)
	VALUES(7, 's3333942@mvrht.net', 'dd305cb7d7d4a3a4aaf598b0fd727887e5cffe899d0609f21a779461f6180728')
INSERT INTO Uzytkownicy (ID, Email, PassHash)
	VALUES(8, 'atenwyzejmadziwnegomaila@onet.pl', '09f151bab0c45e5c9422fb99cef906105de70ac5818ae07647c115a4612d57b1')


INSERT INTO DaneDostawy(ID, ImieOdbiorcy, NazwiskoOdbiorcy, AdresDostawy, NrTelefonu, IDUzytkownika)
	VALUES(1, 'Michal', 'Krakowiak', 'bazodanowa 12, 83-110 Tczew', '112997997', 1)
INSERT INTO DaneDostawy(ID, ImieOdbiorcy, NazwiskoOdbiorcy, AdresDostawy, NrTelefonu, IDUzytkownika)
	VALUES(2, 'Maciej', 'Krak', 'politechniczna 99, 96-200 Gdansk', '799799211', 1)
INSERT INTO DaneDostawy(ID, ImieOdbiorcy, NazwiskoOdbiorcy, AdresDostawy, NrTelefonu, IDUzytkownika)
	VALUES(3, 'Szymon', 'Mroz', 'hardkorowa 69, 60-900 Wejherowo', '666000666', 2)
INSERT INTO DaneDostawy(ID, ImieOdbiorcy, NazwiskoOdbiorcy, AdresDostawy, NrTelefonu, IDUzytkownika)
	VALUES(4, 'Jan', 'Nowak', 'braci grimm 123, 12-123 Warszawa', '975864731', 3)
INSERT INTO DaneDostawy(ID, ImieOdbiorcy, NazwiskoOdbiorcy, AdresDostawy, NrTelefonu, IDUzytkownika)
	VALUES(5, 'Janusz', 'Maison', 'laserowa 1, 90-876 Bydgosz', '531246468', 5)
INSERT INTO DaneDostawy(ID, ImieOdbiorcy, NazwiskoOdbiorcy, AdresDostawy, NrTelefonu, IDUzytkownika)
	VALUES(6, 'Grazyna', 'Wons', 'politechniczna 9', '564675786', 6)

/*2 ZAMOWIENIA JEDNEGO UZYTKOWNIKA*/
INSERT INTO Zamowienia (NrZamowienia, DataZlozenia, Wartosc, SposobDostawy, IDUzytkownika, DataWyslania)
	VALUES(1, '2017-12-08', 9.20, 1, 1, '2017-12-13')
INSERT INTO Zamowienia (NrZamowienia, DataZlozenia, Wartosc, SposobDostawy, IDUzytkownika, DataWyslania, DataZrealizowania)
	VALUES(2, '2017-11-10', 35.99, 2, 1, '2017-11-13', '2017-11-14')

INSERT INTO Zamowienia (NrZamowienia, DataZlozenia, Wartosc, SposobDostawy, IDUzytkownika)
	VALUES(3, '2017-12-09', 3.10 , 3, 2)
INSERT INTO Zamowienia (NrZamowienia, DataZlozenia, Wartosc, SposobDostawy, IDUzytkownika, DataWyslania, DataZrealizowania)
	VALUES(4, '2017-11-04', 71.99, 4, 3, '2017-11-05','2017-11-06')
INSERT INTO Zamowienia (NrZamowienia, DataZlozenia, Wartosc, SposobDostawy, IDUzytkownika, DataWyslania, DataZrealizowania)
	VALUES(5, '2017-11-04', 71.99, 4, 3, '2017-11-05','2017-11-06')
INSERT INTO Zamowienia (NrZamowienia, DataZlozenia, Wartosc, SposobDostawy, IDUzytkownika, DataWyslania, DataZrealizowania)
	VALUES(6, '2017-11-15', 61.99, 5, 5, '2017-11-17','2017-11-19')
INSERT INTO Zamowienia (NrZamowienia, DataZlozenia, Wartosc, SposobDostawy, IDUzytkownika, DataWyslania, DataZrealizowania)
	VALUES(7, '2017-11-15', 61.99, 6, 6, '2017-11-17','2017-11-19')

INSERT INTO PozycjeZamowienia (NrZamowienia, ISBNKsiazki, Ilosc)
	VALUES(1, '9788378858515', 2)
INSERT INTO PozycjeZamowienia (NrZamowienia, ISBNKsiazki, Ilosc)
	VALUES(1, '9788378859987', 1)
INSERT INTO PozycjeZamowienia (NrZamowienia, ISBNKsiazki, Ilosc)
	VALUES(2, '9788380321960', 1)
INSERT INTO PozycjeZamowienia (NrZamowienia, ISBNKsiazki, Ilosc)
	VALUES(4, '9788378858515', 1)
INSERT INTO PozycjeZamowienia (NrZamowienia, ISBNKsiazki, Ilosc)
	VALUES(5, '9788310128928', 1)
INSERT INTO PozycjeZamowienia (NrZamowienia, ISBNKsiazki, Ilosc)
	VALUES(5, '9788310126993', 1)
INSERT INTO PozycjeZamowienia (NrZamowienia, ISBNKsiazki, Ilosc)
	VALUES(6, '9788310128928', 1)
INSERT INTO PozycjeZamowienia (NrZamowienia, ISBNKsiazki, Ilosc)
	VALUES(7, '9788310128928', 1)

INSERT INTO WirtualnePolki (IDUzytkownika, Nazwa)
	VALUES(1, 'Lista Zyczen')
/*WIELE POLEK JEDNEGO UZYTKOWNIKA*/
INSERT INTO WirtualnePolki (IDUzytkownika, Nazwa)
	VALUES(2, 'Lista Zyczen')
INSERT INTO WirtualnePolki (IDUzytkownika, Nazwa)
	VALUES(2, 'Przeczytane')
INSERT INTO WirtualnePolki (IDUzytkownika, Nazwa)
	VALUES(3, 'Lista Zyczen')
INSERT INTO WirtualnePolki (IDUzytkownika, Nazwa)
	VALUES(4, 'Lista Zyczen')

INSERT INTO OdlozoneNaPolke (ISBNKsiazki, IDUzytkownika, NazwaPolki)
	VALUES('9788375780697', 1, 'Lista Zyczen')
INSERT INTO OdlozoneNaPolke (ISBNKsiazki, IDUzytkownika, NazwaPolki)
	VALUES('9788378858515', 1, 'Lista Zyczen')

INSERT INTO OdlozoneNaPolke (ISBNKsiazki, IDUzytkownika, NazwaPolki)
	VALUES('9788378859987', 2, 'Lista Zyczen')
INSERT INTO OdlozoneNaPolke (ISBNKsiazki, IDUzytkownika, NazwaPolki)
	VALUES('9788375780697', 2, 'Przeczytane')

/*JEDEN AUTOR - DWIE RECENZJE*/
/*JEDNA KSIAZKA - DWIE RECENZJE*/
INSERT INTO Recenzje (IDUzytkownika, ISBNKsiazki, Nota, Tresc)
	VALUES(1, '9788378858515', 5, 'Super ksiazka! Przeczytalem w jeden wieczor, polecam!')
INSERT INTO Recenzje (IDUzytkownika, ISBNKsiazki, Nota)
	VALUES(1, '9788378859987', 4)
INSERT INTO Recenzje (IDUzytkownika, ISBNKsiazki, Nota, Tresc)
	VALUES(2, '9788378858515', 4, 'Podobalo mi sie, ale czytalem lepsze ksiazki...')